<?xml version="1.0" encoding="UTF-8" standalone="yes"?>
<addon id="repository.wukongwizard" name="[COLOR crimson][B]Wukong[/B][/COLOR]Wizard Repository" version="2.5" provider-name="Macaulay">
    <extension point="xbmc.addon.repository" name="[COLOR crimson][B]Ragnarok[/B][/COLOR]Wizard Repository">
        <dir>
            <info compressed="false">https://raw.githubusercontent.com/AxPhantom/repository.wukongwizard/master/Master/zips/addons.xml</info>
            <checksum>https://raw.githubusercontent.com/AxPhantom/repository.wukongwizard/master/Master/zips/addons.xml.md5</checksum>
            <datadir zip="true">https://raw.githubusercontent.com/AxPhantom/repository.wukongwizard/master/Master/zips/</datadir>
        </dir>
    </extension>
    
    <extension point="xbmc.addon.metadata">
        <summary>[COLOR crimson][B]Wukong[/B][/COLOR]Wizard</summary>
        <description>The official home of [COLOR crimson][B]Wukong[/B][/COLOR]Wizard.</description>
        <platform>all</platform>
        <assets>
            <icon>icon.png</icon>
            <fanart>fanart.jpg</fanart>
        </assets>
        <source>https://www.github.com/AxPhantom/repository.wukongwizard/</source>
    </extension>
</addon>